[{"country":"Pakistan","capital":"PAK","latitude":33.6938118,"longitude":73.0651511},{"country":"Poland","capital":"POL","latitude":52.2319581,"longitude":21.0067249},{"country":"Jordan","capital":"JOR","latitude":31.9515694,"longitude":35.9239625},{"country":"Lesotho","capital":"LES","latitude":-29.5816942,"longitude":27.8243208},{"country":"Estonia","capital":"EST","latitude":59.4372155,"longitude":24.7453688},{"country":"Taiwan","capital":"TPE","latitude":25.0375198,"longitude":121.5636796},{"country":"North Korea","capital":"PRK","latitude":39.0167979,"longitude":125.7473609},{"country":"Belgium","capital":"BEL","latitude":50.8465573,"longitude":4.351697},{"country":"Iran","capital":"IRI","latitude":35.6892523,"longitude":51.3896004},{"country":"Iraq","capital":"IRQ","latitude":33.3061701,"longitude":44.3872213},{"country":"Argentina","capital":"ARG","latitude":-34.6075682,"longitude":-58.4370894},{"country":"Armenia","capital":"ARM","latitude":40.1777112,"longitude":44.5126233},{"country":"South Korea","capital":"KOR","latitude":37.5666791,"longitude":126.9782914},{"country":"Panama","capital":"PAN","latitude":8.9714493,"longitude":-79.5341802},{"country":"Mongolia","capital":"MGL","latitude":47.9184676,"longitude":106.9177016},{"country":"Senegal","capital":"SEN","latitude":14.693425,"longitude":-17.447938},{"country":"Serbia","capital":"SRB","latitude":44.8178131,"longitude":20.4568974},{"country":"Cyprus","capital":"CYP","latitude":35.1748976,"longitude":33.3638568},{"country":"Ethiopia","capital":"ETH","latitude":9.0107934,"longitude":38.7612525},{"country":"Italy","capital":"ITA","latitude":41.8933203,"longitude":12.4829321},{"country":"United States","capital":"USA","latitude":38.8950368,"longitude":-77.0365427},{"country":"Trinidad and Tobago","capital":"TTO","latitude":10.6572678,"longitude":-61.5180173},{"country":"Djibouti","capital":"DJI","latitude":11.8145966,"longitude":42.8453061},{"country":"Bahamas","capital":"BAH","latitude":25.0782266,"longitude":-77.3383438},{"country":"Liechtenstein","capital":"LIE","latitude":47.1392862,"longitude":9.5227962},{"country":"Ukraine","capital":"UKR","latitude":50.4500336,"longitude":30.5241361},{"country":"Gambia","capital":"GAM","latitude":13.4410165,"longitude":-16.5627509},{"country":"Namibia","capital":"NAM","latitude":-22.5776104,"longitude":17.0772739},{"country":"Uruguay","capital":"URU","latitude":-34.9058916,"longitude":-56.1913095},{"country":"Marshall Islands","capital":"MHL","latitude":7.0909924,"longitude":171.3816354},{"country":"Solomon Islands","capital":"SOL","latitude":-9.4377975,"longitude":159.9624175},{"country":"Slovakia","capital":"SVK","latitude":48.1516988,"longitude":17.1093063},{"country":"Montenegro","capital":"MNE","latitude":42.4415238,"longitude":19.2621081},{"country":"Kosovo","capital":"KOS","latitude":42.6638771,"longitude":21.1640849},{"country":"Seychelles","capital":"SEY","latitude":-36.5986096,"longitude":144.6780052},{"country":"Denmark","capital":"DEN","latitude":55.6867243,"longitude":12.5700724},{"country":"Thailand","capital":"THA","latitude":13.7524938,"longitude":100.4935089},{"country":"Myanmar","capital":"MYA","latitude":19.7540045,"longitude":96.1344976},{"country":"British Virgin Islands","capital":"IVB","latitude":18.4257128,"longitude":-64.6232227},{"country":"Belarus","capital":"BLR","latitude":53.9024716,"longitude":27.5618225},{"country":"Botswana","capital":"BOT","latitude":-24.6581357,"longitude":25.9088474},{"country":"Eritrea","capital":"ERI","latitude":15.3389667,"longitude":38.9326763},{"country":"Belize","capital":"BIZ","latitude":17.250199,"longitude":-88.770018},{"country":"Cook Islands","capital":"COK","latitude":-21.2074736,"longitude":-159.7708145},{"country":"Nigeria","capital":"NGR","latitude":9.0643305,"longitude":7.4892974},{"country":"United Kingdom","capital":"GBR","latitude":51.5073359,"longitude":-0.12765},{"country":"Georgia","capital":"GEO","latitude":41.6934591,"longitude":44.8014495},{"country":"Iceland","capital":"ISL","latitude":64.145981,"longitude":-21.9422367},{"country":"Monaco","capital":"MON","latitude":43.7323492,"longitude":7.4276832},{"country":"Somalia","capital":"SOM","latitude":2.0349312,"longitude":45.3419183},{"country":"Mauritius","capital":"MRI","latitude":-20.1624522,"longitude":57.5028044},{"country":"Colombia","capital":"COL","latitude":4.6529539,"longitude":-74.0835643},{"country":"Togo","capital":"TOG","latitude":6.130419,"longitude":1.215829},{"country":"Cuba","capital":"CUB","latitude":23.135305,"longitude":-82.3589631},{"country":"Hungary","capital":"HUN","latitude":47.4979937,"longitude":19.0403594},{"country":"DR Congo","capital":"COD","latitude":-4.3217055,"longitude":15.3125974},{"country":"Slovenia","capital":"SLO","latitude":46.0500268,"longitude":14.5069289},{"country":"Sri Lanka","capital":"SRI","latitude":6.8883219,"longitude":79.9187415},{"country":"Peru","capital":"PER","latitude":-12.0621065,"longitude":-77.0365256},{"country":"Burundi","capital":"BDI","latitude":-3.5382336,"longitude":29.910701},{"country":"Cayman Islands","capital":"CAY","latitude":5.4141619,"longitude":100.3287352},{"country":"Burkina Faso","capital":"BUR","latitude":12.3681873,"longitude":-1.5270944},{"country":"India","capital":"IND","latitude":28.6138954,"longitude":77.2090057},{"country":"Saint Lucia","capital":"LCA","latitude":43.6779101,"longitude":3.9868904},{"country":"Latvia","capital":"LAT","latitude":56.9493977,"longitude":24.1051846},{"country":"Chad","capital":"CHA","latitude":12.1191543,"longitude":15.0502758},{"country":"Puerto Rico","capital":"PUR","latitude":18.465299,"longitude":-66.116666},{"country":"Laos","capital":"LAO","latitude":17.9640988,"longitude":102.6133707},{"country":"Rwanda","capital":"RWA","latitude":-1.950851,"longitude":30.061507},{"country":"Tanzania","capital":"TAN","latitude":-6.1791181,"longitude":35.7468174},{"country":"San Marino","capital":"SMR","latitude":43.9363996,"longitude":12.4466991},{"country":"Cambodia","capital":"CAM","latitude":11.568271,"longitude":104.9224426},{"country":"United States Virgin Islands","capital":"ISV","latitude":18.341137,"longitude":-64.932789},{"country":"Zimbabwe","capital":"ZIM","latitude":-17.831773,"longitude":31.045686},{"country":"Morocco","capital":"MAR","latitude":34.02236,"longitude":-6.8340222},{"country":"Moldova","capital":"MDA","latitude":47.0245117,"longitude":28.8322923},{"country":"Australia","capital":"AUS","latitude":-35.2975906,"longitude":149.1012676},{"country":"Kenya","capital":"KEN","latitude":-1.2832533,"longitude":36.8172449},{"country":"Austria","capital":"AUT","latitude":48.2083537,"longitude":16.3725042},{"country":"El Salvador","capital":"ESA","latitude":13.6989939,"longitude":-89.1914249},{"country":"Philippines","capital":"PHI","latitude":14.5948914,"longitude":120.9782618},{"country":"Venezuela","capital":"VEN","latitude":10.5060934,"longitude":-66.9146008},{"country":"Mali","capital":"MLI","latitude":12.6132655,"longitude":-7.9847391},{"country":"Switzerland","capital":"SUI","latitude":46.9482713,"longitude":7.4514512},{"country":"Kiribati","capital":"KIR","latitude":1.3490778,"longitude":173.0386512},{"country":"South Africa","capital":"RSA","latitude":-25.7459277,"longitude":28.1879101},{"country":"Syria","capital":"SYR","latitude":33.5130695,"longitude":36.3095814},{"country":"North Macedonia","capital":"MKD","latitude":41.9961816,"longitude":21.4319213},{"country":"Benin","capital":"BEN","latitude":6.4990718,"longitude":2.6253361},{"country":"Malaysia","capital":"MAS","latitude":3.1516964,"longitude":101.6942371},{"country":"Spain","capital":"ESP","latitude":40.4167047,"longitude":-3.7035825},{"country":"Papua New Guinea","capital":"PNG","latitude":-9.4743301,"longitude":147.1599504},{"country":"Palestine","capital":"PLE","latitude":31.9030543,"longitude":35.1952255},{"country":"Micronesia","capital":"FSM","latitude":6.920744,"longitude":158.1627143},{"country":"Antigua and Barbuda","capital":"ANT","latitude":17.1184569,"longitude":-61.8448509},{"country":"Jamaica","capital":"JAM","latitude":17.9712148,"longitude":-76.7928128},{"country":"Mexico","capital":"MEX","latitude":19.4326296,"longitude":-99.1331785},{"country":"Barbados","capital":"BAR","latitude":13.0977832,"longitude":-59.6184184},{"country":"Sweden","capital":"SWE","latitude":59.3251172,"longitude":18.0710935},{"country":"Eswatini","capital":"SWZ","latitude":-26.325745,"longitude":31.144663},{"country":"Libya","capital":"LBA","latitude":32.896672,"longitude":13.1777923},{"country":"Czechia","capital":"CZE","latitude":50.0874654,"longitude":14.4212535},{"country":"Guyana","capital":"GUY","latitude":6.8137426,"longitude":-58.1624465},{"country":"Sierra Leone","capital":"SLE","latitude":8.479004,"longitude":-13.26795},{"country":"United Arab Emirates","capital":"UAE","latitude":24.4538352,"longitude":54.3774014},{"country":"Timor-Leste","capital":"TLS","latitude":28.6517178,"longitude":77.2219388},{"country":"Algeria","capital":"ALG","latitude":36.7753606,"longitude":3.0601882},{"country":"Zambia","capital":"ZAM","latitude":-15.4163395,"longitude":28.2818414},{"country":"Paraguay","capital":"PAR","latitude":-25.2800459,"longitude":-57.6343814},{"country":"Germany","capital":"GER","latitude":52.5170365,"longitude":13.3888599},{"country":"Kuwait","capital":"KUW","latitude":29.3796532,"longitude":47.9734174},{"country":"Honduras","capital":"HON","latitude":14.1057433,"longitude":-87.2040052},{"country":"Niger","capital":"NIG","latitude":13.524834,"longitude":2.109823},{"country":"Saudi Arabia","capital":"KSA","latitude":24.638916,"longitude":46.7160104},{"country":"Albania","capital":"ALB","latitude":41.3305141,"longitude":19.8255629},{"country":"Vanuatu","capital":"VAN","latitude":-17.7414972,"longitude":168.3150163},{"country":"Bulgaria","capital":"BUL","latitude":42.6977028,"longitude":23.3217359},{"country":"Angola","capital":"ANG","latitude":-8.8272699,"longitude":13.2439512},{"country":"Nauru","capital":"NRU","latitude":-0.5471014,"longitude":166.9164002},{"country":"South Sudan","capital":"SSD","latitude":4.8459246,"longitude":31.5959173},{"country":"Azerbaijan","capital":"AZE","latitude":40.3755885,"longitude":49.8328009},{"country":"Bhutan","capital":"BHU","latitude":27.4713546,"longitude":89.6336729},{"country":"Afghanistan","capital":"AFG","latitude":34.5260109,"longitude":69.1776838},{"country":"Bermuda","capital":"BER","latitude":43.2560802,"longitude":-79.8728583},{"country":"Fiji","capital":"FIJ","latitude":-18.1415884,"longitude":178.4421662},{"country":"Croatia","capital":"CRO","latitude":45.8426414,"longitude":15.9622315},{"country":"Suriname","capital":"SUR","latitude":5.8247628,"longitude":-55.1703941},{"country":"Tuvalu","capital":"TUV","latitude":-8.5199633,"longitude":179.1982548},{"country":"Ireland","capital":"IRL","latitude":53.3498006,"longitude":-6.2602964},{"country":"Guinea-Bissau","capital":"GBS","latitude":11.861324,"longitude":-15.583055},{"country":"Malta","capital":"MLT","latitude":35.8989818,"longitude":14.5136759},{"country":"Guatemala","capital":"GUA","latitude":14.6222328,"longitude":-90.5185188},{"country":"Dominican Republic","capital":"DOM","latitude":18.4801972,"longitude":-69.942111},{"country":"Palau","capital":"PLW","latitude":7.5006446,"longitude":134.6242864},{"country":"Tonga","capital":"TGA","latitude":-21.1343401,"longitude":-175.201808},{"country":"American Samoa","capital":"ASA","latitude":-14.2754786,"longitude":-170.7048298},{"country":"Brazil","capital":"BRA","latitude":-10.3333333,"longitude":-53.2},{"country":"Yemen","capital":"YEM","latitude":15.3538569,"longitude":44.2058841},{"country":"Indonesia","capital":"INA","latitude":-6.175247,"longitude":106.8270488},{"country":"Norway","capital":"NOR","latitude":59.9133301,"longitude":10.7389701},{"country":"Greece","capital":"GRE","latitude":37.9839412,"longitude":23.7283052},{"country":"Equatorial Guinea","capital":"GEQ","latitude":3.752831,"longitude":8.7800693},{"country":"Maldives","capital":"MDV","latitude":4.1779879,"longitude":73.5107387},{"country":"Cape Verde","capital":"CPV","latitude":14.9162811,"longitude":-23.5095095},{"country":"Qatar","capital":"QAT","latitude":25.2856329,"longitude":51.5264162},{"country":"Chile","capital":"CHI","latitude":9.8694792,"longitude":-83.7980749},{"country":"Bolivia","capital":"BOL","latitude":-19.0477251,"longitude":-65.2594306},{"country":"Lebanon","capital":"LBN","latitude":33.8892265,"longitude":35.5025585},{"country":"Canada","capital":"CAN","latitude":45.4208777,"longitude":-75.6901106},{"country":"Kyrgyzstan","capital":"KGZ","latitude":42.8777895,"longitude":74.6066926},{"country":"Tunisia","capital":"TUN","latitude":33.8439408,"longitude":9.400138},{"country":"Ecuador","capital":"ECU","latitude":-0.2201641,"longitude":-78.5123274},{"country":"Madagascar","capital":"MAD","latitude":-18.9100122,"longitude":47.5255809},{"country":"Hong Kong","capital":"HKG","latitude":-37.0,"longitude":145.0},{"country":"New Zealand","capital":"NZL","latitude":-41.2887953,"longitude":174.7772114},{"country":"Nicaragua","capital":"NCA","latitude":12.1544035,"longitude":-86.2737642},{"country":"Uganda","capital":"UGA","latitude":0.3177137,"longitude":32.5813539},{"country":"Central African Republic","capital":"CAF","latitude":4.3907153,"longitude":18.5509126},{"country":"Bahrain","capital":"BHR","latitude":26.2235041,"longitude":50.5822436},{"country":"Saint Kitts and Nevis","capital":"SKN","latitude":17.2960919,"longitude":-62.722301},{"country":"Brunei","capital":"BRU","latitude":4.8895453,"longitude":114.9417574},{"country":"Guam","capital":"GUM","latitude":13.4773442,"longitude":144.7521907},{"country":"Ghana","capital":"GHA","latitude":5.5571096,"longitude":-0.2012376},{"country":"Haiti","capital":"HAI","latitude":18.547327,"longitude":-72.3395928},{"country":"Romania","capital":"ROU","latitude":44.4361414,"longitude":26.1027202},{"country":"Samoa","capital":"SAM","latitude":-13.8344639,"longitude":-171.7649144},{"country":"Oman","capital":"OMA","latitude":23.5882019,"longitude":58.3829448},{"country":"Sudan","capital":"SUD","latitude":15.5635972,"longitude":32.5349123},{"country":"Tajikistan","capital":"TJK","latitude":38.5856947,"longitude":68.7603747},{"country":"Portugal","capital":"POR","latitude":38.7077507,"longitude":-9.1365919},{"country":"Finland","capital":"FIN","latitude":60.1674881,"longitude":24.9427473},{"country":"Kazakhstan","capital":"KAZ","latitude":51.1282205,"longitude":71.4306682},{"country":"Andorra","capital":"AND","latitude":42.5069391,"longitude":1.5212467},{"country":"Mauritania","capital":"MTN","latitude":18.0618918,"longitude":-15.9311482},{"country":"Bosnia and Herzegovina","capital":"BIH","latitude":43.8519774,"longitude":18.3866868},{"country":"Vietnam","capital":"VIE","latitude":21.0283178,"longitude":105.8540507},{"country":"Cameroon","capital":"CMR","latitude":3.8689867,"longitude":11.5213344},{"country":"Israel","capital":"ISR","latitude":31.7788242,"longitude":35.2257626},{"country":"Turkmenistan","capital":"TKM","latitude":37.9404648,"longitude":58.3823487},{"country":"Uzbekistan","capital":"UZB","latitude":41.3123363,"longitude":69.2787079},{"country":"Gabon","capital":"GAB","latitude":0.4086518,"longitude":9.4418849},{"country":"Grenada","capital":"GRN","latitude":12.0535331,"longitude":-61.751805},{"country":"Dominica","capital":"DMA","latitude":48.7710371,"longitude":-95.7697882},{"country":"Netherlands","capital":"NED","latitude":52.3730796,"longitude":4.8924534},{"country":"Russia","capital":"RUS","latitude":55.7504461,"longitude":37.6174943},{"country":"Luxembourg","capital":"LUX","latitude":49.8158683,"longitude":6.1296751},{"country":"Malawi","capital":"MAW","latitude":-13.9875107,"longitude":33.768144},{"country":"São Tomé and Príncipe","capital":"STP","latitude":0.3389242,"longitude":6.7313031},{"country":"Turkey","capital":"TUR","latitude":39.9207886,"longitude":32.8540482},{"country":"Egypt","capital":"EGY","latitude":30.0443879,"longitude":31.2357257},{"country":"Nepal","capital":"NEP","latitude":27.708317,"longitude":85.3205817},{"country":"Ivory Coast","capital":"CIV","latitude":6.8200066,"longitude":-5.2776034},{"country":"Republic of the Congo","capital":"CGO","latitude":-4.2694407,"longitude":15.2712256},{"country":"China","capital":"CHN","latitude":39.906217,"longitude":116.3912757},{"country":"Comoros","capital":"COM","latitude":-11.6931255,"longitude":43.2543044},{"country":"Japan","capital":"JPN","latitude":35.6812665,"longitude":139.757653},{"country":"Lithuania","capital":"LTU","latitude":54.6870458,"longitude":25.2829111},{"country":"Singapore","capital":"SGP","latitude":1.357107,"longitude":103.8194992},{"country":"Costa Rica","capital":"CRC","latitude":9.9325427,"longitude":-84.0795782},{"country":"Aruba","capital":"ARU","latitude":12.5268736,"longitude":-70.0356845},{"country":"France","capital":"FRA","latitude":48.8534951,"longitude":2.3483915},{"country":"Saint Vincent and the Grenadines","capital":"VIN","latitude":13.1561864,"longitude":-61.2279621},{"country":"Liberia","capital":"LBR","latitude":6.328034,"longitude":-10.797788},{"country":"Mozambique","capital":"MOZ","latitude":-25.966213,"longitude":32.56745},{"country":"Bangladesh","capital":"BAN","latitude":23.7644025,"longitude":90.389015},{"country":"Guinea","capital":"GUI","latitude":9.5170602,"longitude":-13.6998434}]